#keyword,category
Westernwear,category
Tops ,category
Tees,category
Dresses,category
Jackets ,category
Shrugs,category
Shirts,category
Skirts,category
Palazzos ,category
Jumpsuits,category
Jeans ,category
Leggings,category
Pants,category
Capris ,category
Shorts,category
Sportswear ,category
Swimwear,category
Scarves ,category
Socks,category
Winterwear,category
Lingerie,category
Nightwear,category
Indian,category
Kurtas,category
Salwar ,category
Churidar Suits,category
Dress Material,category
Churidar,category
Salwars ,category
Dupattas,category
Sarees ,category
Blouses,category
Lehenga Cholis,category
Maternity,category
Topwear,category
Bottomwear,category
Lingerie,category
Nightwear,category
Accessories,category
Watches,category
Handbags,category
Wallets ,category
Clutches,category
Fashion Accessories,category
Sunglasses,category
Travel Essentials,category
Pens ,category
Diaries,category
Reading Glasses,category
Shoes,category
Flats,category
Heels,category
Platform ,category
Wedges,category
Bellies,category
Flip Flops,category
Sports Shoes,category
Fine Jewellery,category
Gold Coins,category
Rings,category
Pendants,category
Earrings,category
Necklace,category
Clothing,category
T-Shirts,category
Shirts,category
Jeans,category
Cargos,category
Trousers,category
Shorts,category
Sportswear,category
Swimwear,category
Suits,category
Blazers,category
Ties,category
Jackets,category
Kurta Pyjama,category
Socks,category
Caps,category
Handkerchieves,category
Winterwear,category
Innerwear,category
Shoes,category
Formal,category
Casuals,category
Sandals,category
Sports,category
Slippers,category
Flip Flops,category
Boots,category
Accessories,category
Watches,category
Sunglasses,category
Wallets,category
Belts,category
Travel Essentials,category
Pens,category
Diaries,category
Cufflinks,category
Reading Glasses,category
Jewellery,category
Gold Coins,category
Artificial & Fashion,category
Fine Jewellery,category
Fragrance,category
Perfumes,category
Deodorants,category
Grooming,category
Skincare,category
Shaving,category
Bath,category
Body,category
Haircare,category
Topwear,category
Bottomwear,category
Innerwear,category
Nightwear,category
Winterwear,category
Indianwear,category
Co-ordinates,category
Swimwear,category
BOYS SHOES,category
Sneakers,category
Sports Shoes,category
Sandals,category
Flip Flops,category
Loafers,category
Topwear,category
Bottomwear,category
Dresses,category
Jumpsuits,category
Innerwear,category
Nightwear,category
Indianwear,category
Co-ordinates,category
Swimwear,category
Winterwear,category
Girls Shoes,category
Sneakers,category
Sports Shoes,category
Sandals,category
Bellies,category
Flip Flops,category
Infants,category
Gift Sets,category
Topwear,category
Bottomwear,category
Dresses,category
Jumpsuits,category
Babysuits,category
Innerwear,category
Co-ordinates,category
Indianwear,category
Nightwear,category
Swimwear,category
Feeding Time,category
Bathing,category
Changing,category
Bedtime,category
Winterwear,category
Travel Time,category
Accessories,category
Toys,category
Infant Toys,category
Dolls,category
Cars,category
Trains,category
Planes,category
Action Figures,category
Soft Toys,category
Art,category
Creativity,category
Sports,category
Outdoor Activities,category
Musical Instruments,category
Board Games,category
Blocks,category
tacking,category
Educational Games,category
CD,category
DVD,category
Accessories,category
Healthcare,category
Belts,category
Ties,category
Mittens,category
Booties,category
Socks,category
Shawls,category
Bibs,category
Hats,category
Caps,category
Hair Accessories,category
Watches,category
Jewellery,category
School Essentials,category
Makeup,category
Face,category
Eyes,category
Lips,category
Skin Care,category
Moisturisers,category
Cleanser,category
Toners,category
Serum,category
Treatments,category
Face Scrubs,category
Face Masks,category
Eye Care,category
Lip Care,category
Sun Care,category
Nails,category
Nail Polish,category
Nail Care,category
Hair Care,category
Shampoos,category
Conditioners,category
Hair Oils,category
Serums,category
Shower Gels,category
Creams,category
Body Scrubs,category
Body Lotions,category
Essential Oils,category
Soaps,category
Hand Care,category
Foot care,category
Tools,category
Accessories,category
Makeup Tools,category
Skincare Tools,category
Perfumes,category
Deodorants,category
Body Mists,category
Fragrance,category
Perfumes,category
Deodorants,category
Grooming,category
Skincare,category
Shaving,category
Bath & Body,category
Haircare,category
Bed,category
BedSheets,category
Bed Covers,category
Duvets,category
Quilts,category
Comforters,category
Duvet Covers,category
Pillow Fillers,category
Pillow Covers,category
Kitchen,category
Dining,category
Loose Dinnerware,category
Dinner Sets,category
Cutlery,category
Serveware,category
Glassware,category
Barware,category
Tableware,category
Cookware,category
Bakeware,category
Coffee,category
Tea,category
Kitchen Storage,category
Kitchen Tools,category
Gadgets,category
Kitchen,category
Table Linen,category
Bath,category
Towels,category
Bath Mats,category
Bath Accessories,category
Bath Robes,category
Shower Curtains,category
Laundry Baskets,category
Living,category
Curtains,category
Cushion Covers,category
Rugs,category
Doormats,category
Storage,category
Organization,category
Storage Solutions,category
Organizers,category
Dustbins,category
Office Supplies,category
Appliances,category
Home Appliances,category
Kitchen Appliances,category
Large Appliances,category
Hair Care,category
Personal Care,category
Mens Grooming,category
Food Preparation,category
Decor,category
Clocks,category
Vases,category
Planters,category
Flowers,category
Photoframes,category
Mirrors,category
Wall Decor,category
Figurines,category
Idols,category
Candles,category
Candle Stands,category
Aromatic Products,category
Accessories,category
Lamps,category
Lamp Shades,category
Furniture,category
Living Room,category
Men,collection
Women,collection
Mens,collection
Womens,collection
Men's,collection
Women's,collection
Boy,collection
Girl,collection
Kid,collection
Infant,collection
Delivery,page query
Cart,page query
Wishlist,page query
Log In,page query
Sign In,page query
My Account,page query
Orders,page query
Less,comparator
Greater,comparator
Between,comparator
Than,comparator
Denim,attribute
Slim fit,attribute
Regular fit,attribute
Black,attribute
Blue,attribute
Green,attribute
Red,attibute
Yellow,attribute
Small,attribute
Large,attribute
Medium,attribute
Rheson,brand
Fratini Woman,brand
Haute Curry,brand
Stop,brand
Life,brand
Kashish,brand
Vettorio Fratini,brand
RS BY ROCKY STAR,brand
Desigual,brand
Femina Flaunt,brand
Sanaa,brand
Back To Earth,brand
Devon North,brand
Fern,brand
Ivy,brand
Harrisa,brand
LUXURY BRANDS,brand
MAC,brand
Clinique,brand
Bobbi Brown,brand
ESTEE LAUDER,brand
Versace,brand
BVLGARI,brand
GIVENCHY,brand
Marc Jacobs,brand
Carolina Herrera,brand
Moschino,brand
Clinique,brand
Giordano,brand
Missoni,brand
WHP JEWELLERS,brand
Guess,brand
Samsonite,brand
American Tourister,brand
MAC,brand
Clinique,brand
Fossil,brand
Titan,brand
Lakme,brand
Red Tape,brand
Issey Miyake,brand
Shiseido,brand
Steve Madden,brand
Hidesign,brand
The Children's Place,brand
Calvin Klein,brand
CELEB BRANDS,brand
Being Human,brand
Caprese,brand
AND,brand
JACK AND JONES,brand
INDIAN TERRAIN,brand
Titan,brand
Wrogn,brand
Lavie,brand
Imara,brand
BURBERRY,brand
MAC,brand
ESTEE LAUDER,brand
Bobbi Brown,brand
Rheson,brand
Clinique,brand
Pure Sense,brand
IsaDora,brand
Anne Klein,brand
Misfit,brand
Furla,brand
Pick Pocket,brand